163.1 Terrell Brandon -> Brandon Paul -> Paul George -> George Karl -> Karl Malone
150.1 LeBron James -> James Thomas -> Thomas Jordan -> Jordan Mickey -> Mickey Johnson
139.1 LeBron James -> James Ray -> Ray Scott -> Scott Brooks -> Brooks Thompson
135.1 LeBron James -> James Scott -> Scott Lloyd -> Lloyd Neal -> Neal Walk
133.1 LeBron James -> James Thomas -> Thomas Jordan -> Jordan Mickey -> Mickey Davis
132.1 LeBron James -> James Thomas -> Thomas Jordan -> Jordan Loyd -> Loyd King
132.1 LeBron James -> James Thomas -> Thomas Jordan -> Jordan Mickey -> Mickey Rottner
132.1 Chris Paul -> Paul George -> George Wilson -> Wilson Chandler -> Chandler Parsons
132.1 LeBron James -> James Thomas -> Thomas Jordan -> Jordan Mickey -> Mickey Dillard
132.1 LeBron James -> James Ray -> Ray Scott -> Scott Lloyd -> Lloyd Neal
129.1 LeBron James -> James Ray -> Ray Scott -> Scott Lloyd -> Lloyd Walton
129.1 LeBron James -> James Ray -> Ray Scott -> Scott Lloyd -> Lloyd Daniels
129.1 LeBron James -> James Ray -> Ray Scott -> Scott Lloyd -> Lloyd Batts
121.1 Chris Paul -> Paul George -> George Wilson -> Wilson Chandler -> Chandler Hutchison
105.1 Myke Henry -> Henry James -> James Ray -> Ray Allen -> Allen Iverson
105.1 Al Henry -> Henry James -> James Ray -> Ray Allen -> Allen Iverson
105.1 Bill Henry -> Henry James -> James Ray -> Ray Allen -> Allen Iverson
105.1 Carl Henry -> Henry James -> James Ray -> Ray Allen -> Allen Iverson
105.1 Skeeter Henry -> Henry James -> James Ray -> Ray Allen -> Allen Iverson
105.1 Conner Henry -> Henry James -> James Ray -> Ray Allen -> Allen Iverson
103.1 Ira Terrell -> Terrell Brandon -> Brandon Paul -> Paul George -> George Gervin
103.1 Xavier Henry -> Henry James -> James Ray -> Ray Allen -> Allen Iverson
103.1 Jared Terrell -> Terrell Brandon -> Brandon Paul -> Paul George -> George Gervin
103.1 Ty Jerome -> Jerome James -> James Ray -> Ray Allen -> Allen Iverson
87.1 Ira Terrell -> Terrell Brandon -> Brandon Paul -> Paul George -> George McGinnis
86.1 Jared Terrell -> Terrell Brandon -> Brandon Paul -> Paul George -> George McGinnis
82.1 Ira Terrell -> Terrell Brandon -> Brandon Paul -> Paul George -> George Hill
81.1 Jared Terrell -> Terrell Brandon -> Brandon Paul -> Paul George -> George Hill
74.1 Ronnie Lester -> Lester Conner -> Conner Henry -> Henry James -> James Harden
74.1 Ira Terrell -> Terrell Brandon -> Brandon Paul -> Paul Grant -> Grant Hill
73.1 Jared Terrell -> Terrell Brandon -> Brandon Paul -> Paul Grant -> Grant Hill
73.1 Ira Terrell -> Terrell Brandon -> Brandon Paul -> Paul George -> George Johnson
73.1 Ira Terrell -> Terrell Brandon -> Brandon Paul -> Paul George -> George Johnson
73.1 Ira Terrell -> Terrell Brandon -> Brandon Paul -> Paul George -> George Johnson
72.1 Jared Terrell -> Terrell Brandon -> Brandon Paul -> Paul George -> George Johnson
72.1 Jared Terrell -> Terrell Brandon -> Brandon Paul -> Paul George -> George Johnson
72.1 Jared Terrell -> Terrell Brandon -> Brandon Paul -> Paul George -> George Johnson
71.1 Ira Terrell -> Terrell Brandon -> Brandon Paul -> Paul George -> George Lynch
70.1 Jared Terrell -> Terrell Brandon -> Brandon Paul -> Paul George -> George Lynch
69.1 Ira Terrell -> Terrell Brandon -> Brandon Paul -> Paul George -> George McCloud
68.1 Jared Terrell -> Terrell Brandon -> Brandon Paul -> Paul George -> George McCloud
66.1 Lester Conner -> Conner Henry -> Henry James -> James Ray -> Ray Allen
66.1 Terrell Brandon -> Brandon Paul -> Paul George -> George Wilson -> Wilson Chandler
66.1 Ira Terrell -> Terrell Brandon -> Brandon Paul -> Paul George -> George Thompson
65.1 Myke Henry -> Henry James -> James Ray -> Ray Allen -> Allen Leavell
65.1 Al Henry -> Henry James -> James Ray -> Ray Allen -> Allen Leavell
65.1 Bill Henry -> Henry James -> James Ray -> Ray Allen -> Allen Leavell
65.1 Carl Henry -> Henry James -> James Ray -> Ray Allen -> Allen Leavell
65.1 Ira Terrell -> Terrell Brandon -> Brandon Paul -> Paul George -> George Irvine
65.1 Skeeter Henry -> Henry James -> James Ray -> Ray Allen -> Allen Leavell
65.1 Jared Terrell -> Terrell Brandon -> Brandon Paul -> Paul George -> George Thompson
65.1 Conner Henry -> Henry James -> James Ray -> Ray Allen -> Allen Leavell
65.1 Ira Terrell -> Terrell Brandon -> Brandon Paul -> Paul George -> George Karl
64.1 Jared Terrell -> Terrell Brandon -> Brandon Paul -> Paul George -> George Irvine
64.1 Ira Terrell -> Terrell Brandon -> Brandon Paul -> Paul George -> George Adams
64.1 Jared Terrell -> Terrell Brandon -> Brandon Paul -> Paul George -> George Karl
64.1 Terrell Brandon -> Brandon Paul -> Paul George -> George Lee -> Lee Davis
64.1 Ira Terrell -> Terrell Brandon -> Brandon Paul -> Paul George -> George Carter
64.1 Jared Terrell -> Terrell Brandon -> Brandon Paul -> Paul George -> George Adams
63.1 Terrell Brandon -> Brandon Paul -> Paul George -> George Lee -> Lee Winfield
63.1 Xavier Henry -> Henry James -> James Ray -> Ray Allen -> Allen Leavell
63.1 Ira Terrell -> Terrell Brandon -> Brandon Paul -> Paul George -> George Blaney
63.1 Ira Terrell -> Terrell Brandon -> Brandon Paul -> Paul George -> George Bon Salle
63.1 Ira Terrell -> Terrell Brandon -> Brandon Paul -> Paul George -> George Brown
63.1 Ira Terrell -> Terrell Brandon -> Brandon Paul -> Paul George -> George Bruns
63.1 Ira Terrell -> Terrell Brandon -> Brandon Paul -> Paul George -> George Dempsey
63.1 Ira Terrell -> Terrell Brandon -> Brandon Paul -> Paul George -> George Feigenbaum
63.1 Ira Terrell -> Terrell Brandon -> Brandon Paul -> Paul George -> George Glamack
63.1 Ira Terrell -> Terrell Brandon -> Brandon Paul -> Paul George -> George Kaftan
63.1 Ira Terrell -> Terrell Brandon -> Brandon Paul -> Paul George -> George King
63.1 Ira Terrell -> Terrell Brandon -> Brandon Paul -> Paul George -> George King
63.1 Ira Terrell -> Terrell Brandon -> Brandon Paul -> Paul George -> George Lee
63.1 Ira Terrell -> Terrell Brandon -> Brandon Paul -> Paul George -> George McLeod
63.1 Ira Terrell -> Terrell Brandon -> Brandon Paul -> Paul George -> George Mearns
63.1 Ira Terrell -> Terrell Brandon -> Brandon Paul -> Paul George -> George Mikan
63.1 Ira Terrell -> Terrell Brandon -> Brandon Paul -> Paul George -> George Munroe
63.1 Ira Terrell -> Terrell Brandon -> Brandon Paul -> Paul George -> George Nostrand
63.1 Ira Terrell -> Terrell Brandon -> Brandon Paul -> Paul George -> George Pastushok
63.1 Ira Terrell -> Terrell Brandon -> Brandon Paul -> Paul George -> George Patterson
63.1 Ira Terrell -> Terrell Brandon -> Brandon Paul -> Paul George -> George Pearcy
63.1 Ira Terrell -> Terrell Brandon -> Brandon Paul -> Paul George -> George Peeples
63.1 Ira Terrell -> Terrell Brandon -> Brandon Paul -> Paul George -> George Ratkovicz
63.1 Ira Terrell -> Terrell Brandon -> Brandon Paul -> Paul George -> George Reynolds
63.1 Ira Terrell -> Terrell Brandon -> Brandon Paul -> Paul George -> George Senesky
63.1 Ira Terrell -> Terrell Brandon -> Brandon Paul -> Paul George -> George Stone
63.1 Ira Terrell -> Terrell Brandon -> Brandon Paul -> Paul George -> George Sutor
63.1 Ira Terrell -> Terrell Brandon -> Brandon Paul -> Paul George -> George Tinsley
63.1 Ira Terrell -> Terrell Brandon -> Brandon Paul -> Paul George -> George Wilson
63.1 Ira Terrell -> Terrell Brandon -> Brandon Paul -> Paul George -> George Yardley
63.1 Ira Terrell -> Terrell Brandon -> Brandon Paul -> Paul George -> George Bucci
63.1 Ira Terrell -> Terrell Brandon -> Brandon Paul -> Paul George -> George Lehmann
63.1 Jared Terrell -> Terrell Brandon -> Brandon Paul -> Paul George -> George Carter
63.1 Terrell Brandon -> Brandon Paul -> Paul George -> George Lee -> Lee Knorek
63.1 Terrell Brandon -> Brandon Paul -> Paul George -> George Lee -> Lee Nailon
63.1 Terrell Brandon -> Brandon Paul -> Paul George -> George Lee -> Lee Robbins
63.1 Terrell Brandon -> Brandon Paul -> Paul George -> George Lee -> Lee Shaffer
63.1 Ty Jerome -> Jerome James -> James Ray -> Ray Allen -> Allen Leavell
63.1 Ira Terrell -> Terrell Brandon -> Brandon Paul -> Paul George -> George Trapp
63.1 Jared Terrell -> Terrell Brandon -> Brandon Paul -> Paul George -> George Blaney
63.1 Jared Terrell -> Terrell Brandon -> Brandon Paul -> Paul George -> George Bon Salle
63.1 Jared Terrell -> Terrell Brandon -> Brandon Paul -> Paul George -> George Brown
63.1 Jared Terrell -> Terrell Brandon -> Brandon Paul -> Paul George -> George Bruns
63.1 Jared Terrell -> Terrell Brandon -> Brandon Paul -> Paul George -> George Dempsey
63.1 Jared Terrell -> Terrell Brandon -> Brandon Paul -> Paul George -> George Feigenbaum
63.1 Jared Terrell -> Terrell Brandon -> Brandon Paul -> Paul George -> George Glamack
63.1 Jared Terrell -> Terrell Brandon -> Brandon Paul -> Paul George -> George Kaftan
63.1 Jared Terrell -> Terrell Brandon -> Brandon Paul -> Paul George -> George King
63.1 Jared Terrell -> Terrell Brandon -> Brandon Paul -> Paul George -> George King
63.1 Jared Terrell -> Terrell Brandon -> Brandon Paul -> Paul George -> George Lee
63.1 Jared Terrell -> Terrell Brandon -> Brandon Paul -> Paul George -> George McLeod
63.1 Jared Terrell -> Terrell Brandon -> Brandon Paul -> Paul George -> George Mearns
63.1 Jared Terrell -> Terrell Brandon -> Brandon Paul -> Paul George -> George Mikan
63.1 Jared Terrell -> Terrell Brandon -> Brandon Paul -> Paul George -> George Munroe
63.1 Jared Terrell -> Terrell Brandon -> Brandon Paul -> Paul George -> George Nostrand
63.1 Jared Terrell -> Terrell Brandon -> Brandon Paul -> Paul George -> George Pastushok
63.1 Jared Terrell -> Terrell Brandon -> Brandon Paul -> Paul George -> George Patterson
63.1 Jared Terrell -> Terrell Brandon -> Brandon Paul -> Paul George -> George Pearcy
63.1 Jared Terrell -> Terrell Brandon -> Brandon Paul -> Paul George -> George Peeples
63.1 Jared Terrell -> Terrell Brandon -> Brandon Paul -> Paul George -> George Ratkovicz
63.1 Jared Terrell -> Terrell Brandon -> Brandon Paul -> Paul George -> George Reynolds
63.1 Jared Terrell -> Terrell Brandon -> Brandon Paul -> Paul George -> George Senesky
63.1 Jared Terrell -> Terrell Brandon -> Brandon Paul -> Paul George -> George Stone
63.1 Jared Terrell -> Terrell Brandon -> Brandon Paul -> Paul George -> George Sutor
63.1 Jared Terrell -> Terrell Brandon -> Brandon Paul -> Paul George -> George Tinsley
63.1 Jared Terrell -> Terrell Brandon -> Brandon Paul -> Paul George -> George Wilson
63.1 Jared Terrell -> Terrell Brandon -> Brandon Paul -> Paul George -> George Yardley
63.1 Lester Conner -> Conner Henry -> Henry Walker -> Walker Russell -> Russell Westbrook
63.1 Lester Conner -> Conner Henry -> Henry Walker -> Walker Russell -> Russell Westbrook
63.1 Terrell Brandon -> Brandon Paul -> Paul George -> George Lee -> Lee Johnson
63.1 Terrell Brandon -> Brandon Paul -> Paul George -> George Wilson -> Wilson Washington
62.1 Jared Terrell -> Terrell Brandon -> Brandon Paul -> Paul George -> George Bucci
62.1 Jared Terrell -> Terrell Brandon -> Brandon Paul -> Paul George -> George Lehmann
62.1 Jared Terrell -> Terrell Brandon -> Brandon Paul -> Paul George -> George Trapp
61.1 Ira Terrell -> Terrell Brandon -> Brandon Paul -> Paul George -> George Zídek
61.1 Jared Terrell -> Terrell Brandon -> Brandon Paul -> Paul George -> George Zídek
60.1 Terrell Brandon -> Brandon Paul -> Paul George -> George Lee -> Lee Mayberry
56.1 Myke Henry -> Henry James -> James Ray -> Ray Allen -> Allen Crabbe
56.1 Al Henry -> Henry James -> James Ray -> Ray Allen -> Allen Crabbe
56.1 Bill Henry -> Henry James -> James Ray -> Ray Allen -> Allen Crabbe
56.1 Carl Henry -> Henry James -> James Ray -> Ray Allen -> Allen Crabbe
56.1 Skeeter Henry -> Henry James -> James Ray -> Ray Allen -> Allen Crabbe
56.1 Conner Henry -> Henry James -> James Ray -> Ray Allen -> Allen Crabbe
55.1 Howie Carl -> Carl Henry -> Henry James -> James Ray -> Ray Allen
55.1 Jimmy Conner -> Conner Henry -> Henry James -> James Ray -> Ray Allen
55.1 Myke Henry -> Henry James -> James Ray -> Ray Allen -> Allen Murphy
55.1 Al Henry -> Henry James -> James Ray -> Ray Allen -> Allen Murphy
55.1 Bill Henry -> Henry James -> James Ray -> Ray Allen -> Allen Murphy
55.1 Carl Henry -> Henry James -> James Ray -> Ray Allen -> Allen Murphy
55.1 Skeeter Henry -> Henry James -> James Ray -> Ray Allen -> Allen Murphy
55.1 Conner Henry -> Henry James -> James Ray -> Ray Allen -> Allen Murphy
55.1 Xavier Henry -> Henry James -> James Ray -> Ray Allen -> Allen Crabbe
54.1 Jason Terry -> Terry Thomas -> Thomas Jordan -> Jordan Mickey -> Mickey Johnson
54.1 Ty Jerome -> Jerome James -> James Ray -> Ray Allen -> Allen Crabbe
53.1 Xavier Henry -> Henry James -> James Ray -> Ray Allen -> Allen Murphy
53.1 Ty Jerome -> Jerome James -> James Ray -> Ray Allen -> Allen Murphy
52.1 Howie Carl -> Carl Henry -> Henry Walker -> Walker Russell -> Russell Westbrook
52.1 Howie Carl -> Carl Henry -> Henry Walker -> Walker Russell -> Russell Westbrook
51.1 Jimmy Conner -> Conner Henry -> Henry Walker -> Walker Russell -> Russell Westbrook
51.1 Jimmy Conner -> Conner Henry -> Henry Walker -> Walker Russell -> Russell Westbrook
51.1 Ira Terrell -> Terrell Brandon -> Brandon Paul -> Paul Gordon -> Gordon Hayward
50.1 Jared Terrell -> Terrell Brandon -> Brandon Paul -> Paul Gordon -> Gordon Hayward
46.1 Brandon Paul -> Paul George -> George Wilson -> Wilson Chandler -> Chandler Parsons
46.1 Kyrie Irving -> Irving Thomas -> Thomas Jordan -> Jordan Mickey -> Mickey Johnson
40.1 Isiah Thomas -> Thomas Jordan -> Jordan Mickey -> Mickey Dillard -> Dillard Crocker
40.1 Ira Terrell -> Terrell Brandon -> Brandon Paul -> Paul Grant -> Grant Long
39.1 Jared Terrell -> Terrell Brandon -> Brandon Paul -> Paul Grant -> Grant Long
39.1 Ronnie Lester -> Lester Conner -> Conner Henry -> Henry James -> James Worthy
39.1 Lester Conner -> Conner Henry -> Henry James -> James Worthy -> Worthy Patterson
38.1 Jason Terry -> Terry Thomas -> Thomas Jordan -> Jordan Mickey -> Mickey Davis
37.1 Jason Terry -> Terry Thomas -> Thomas Jordan -> Jordan Loyd -> Loyd King
36.1 Jason Terry -> Terry Thomas -> Thomas Jordan -> Jordan Mickey -> Mickey Rottner
36.1 Jason Terry -> Terry Thomas -> Thomas Jordan -> Jordan Mickey -> Mickey Dillard
35.1 Brandon Paul -> Paul George -> George Wilson -> Wilson Chandler -> Chandler Hutchison
30.1 Ira Terrell -> Terrell Brandon -> Brandon Paul -> Paul Grant -> Grant Simmons
30.1 Ira Terrell -> Terrell Brandon -> Brandon Paul -> Paul Noel -> Noel Felix
30.1 Ira Terrell -> Terrell Brandon -> Brandon Paul -> Paul Grant -> Grant Jerrett
30.1 Ira Terrell -> Terrell Brandon -> Brandon Paul -> Paul Grant -> Grant Williams
30.1 Ira Terrell -> Terrell Brandon -> Brandon Paul -> Paul Grant -> Grant Gondrezick
29.1 Kyrie Irving -> Irving Thomas -> Thomas Jordan -> Jordan Mickey -> Mickey Davis
29.1 Jared Terrell -> Terrell Brandon -> Brandon Paul -> Paul Grant -> Grant Simmons
29.1 Jared Terrell -> Terrell Brandon -> Brandon Paul -> Paul Noel -> Noel Felix
29.1 Jared Terrell -> Terrell Brandon -> Brandon Paul -> Paul Grant -> Grant Jerrett
29.1 Jared Terrell -> Terrell Brandon -> Brandon Paul -> Paul Grant -> Grant Williams
29.1 Jared Terrell -> Terrell Brandon -> Brandon Paul -> Paul Grant -> Grant Gondrezick
28.1 Kyrie Irving -> Irving Thomas -> Thomas Jordan -> Jordan Loyd -> Loyd King
28.1 Kyrie Irving -> Irving Thomas -> Thomas Jordan -> Jordan Mickey -> Mickey Rottner
28.1 Kevin Martin -> Martin Lewis -> Lewis Lloyd -> Lloyd Neal -> Neal Walk
28.1 Kyrie Irving -> Irving Thomas -> Thomas Jordan -> Jordan Mickey -> Mickey Dillard
28.1 Howie Carl -> Carl Henry -> Henry James -> James Worthy -> Worthy Patterson
27.1 Jimmy Conner -> Conner Henry -> Henry James -> James Worthy -> Worthy Patterson
26.1 Lester Conner -> Conner Henry -> Henry James -> James Ray -> Ray Williams
24.1 Ronnie Lester -> Lester Conner -> Conner Henry -> Henry James -> James Posey
24.1 Kenyon Martin -> Martin Lewis -> Lewis Lloyd -> Lloyd Neal -> Neal Walk
23.1 Ronnie Lester -> Lester Conner -> Conner Henry -> Henry James -> James Silas
23.1 Ronnie Lester -> Lester Conner -> Conner Henry -> Henry James -> James Donaldson
21.1 Mike James -> James Thomas -> Thomas Jordan -> Jordan Mickey -> Mickey Johnson
21.1 Mike James -> James Thomas -> Thomas Jordan -> Jordan Mickey -> Mickey Johnson
20.1 Myles Patrick -> Patrick Eddie -> Eddie Jordan -> Jordan Mickey -> Mickey Johnson
20.1 Stan Patrick -> Patrick Eddie -> Eddie Jordan -> Jordan Mickey -> Mickey Johnson
20.1 Lester Conner -> Conner Henry -> Henry James -> James Scott -> Scott Wedman
20.1 Jarrett Jack -> Jack George -> George Wilson -> Wilson Chandler -> Chandler Parsons
20.1 Ronnie Lester -> Lester Conner -> Conner Henry -> Henry James -> James Johnson
19.1 Ken Charles -> Charles Thomas -> Thomas Jordan -> Jordan Mickey -> Mickey Johnson
17.1 Lester Conner -> Conner Henry -> Henry James -> James Anderson -> Anderson Varejão
17.1 Claude Terry -> Terry Thomas -> Thomas Jordan -> Jordan Mickey -> Mickey Johnson
17.1 Carlos Terry -> Terry Thomas -> Thomas Jordan -> Jordan Mickey -> Mickey Johnson
17.1 Howie Carl -> Carl Thomas -> Thomas Jordan -> Jordan Mickey -> Mickey Johnson
17.1 Chuck Terry -> Terry Thomas -> Thomas Jordan -> Jordan Mickey -> Mickey Johnson
17.1 Emanuel Terry -> Terry Thomas -> Thomas Jordan -> Jordan Mickey -> Mickey Johnson
17.1 Justin James -> James Thomas -> Thomas Jordan -> Jordan Mickey -> Mickey Johnson
17.1 Bernard James -> James Thomas -> Thomas Jordan -> Jordan Mickey -> Mickey Johnson
17.1 Billy James -> James Thomas -> Thomas Jordan -> Jordan Mickey -> Mickey Johnson
17.1 Gene James -> James Thomas -> Thomas Jordan -> Jordan Mickey -> Mickey Johnson
17.1 Lorenzo Charles -> Charles Thomas -> Thomas Jordan -> Jordan Mickey -> Mickey Johnson
16.1 Damion James -> James Thomas -> Thomas Jordan -> Jordan Mickey -> Mickey Johnson
16.1 Tim James -> James Thomas -> Thomas Jordan -> Jordan Mickey -> Mickey Johnson
16.1 Lester Conner -> Conner Henry -> Henry James -> James Scott -> Scott Brooks
16.1 Lester Conner -> Conner Henry -> Henry James -> James Scott -> Scott Skiles
16.1 Aaron James -> James Thomas -> Thomas Jordan -> Jordan Mickey -> Mickey Johnson
16.1 Kevin Willis -> Willis Thomas -> Thomas Jordan -> Jordan Mickey -> Mickey Johnson
16.1 Ronnie Lester -> Lester Conner -> Conner Henry -> Henry James -> James Jones
15.1 Henry James -> James Thomas -> Thomas Jordan -> Jordan Mickey -> Mickey Johnson
15.1 Isaiah Thomas -> Thomas Jordan -> Jordan Mickey -> Mickey Dillard -> Dillard Crocker
15.1 Howie Carl -> Carl Henry -> Henry James -> James Ray -> Ray Williams
14.1 Lester Conner -> Conner Henry -> Henry James -> James Scott -> Scott Burrell
14.1 Don Carlos -> Carlos Terry -> Terry Tyler -> Tyler Ennis -> Ennis Whatley
14.1 Jimmy Conner -> Conner Henry -> Henry James -> James Ray -> Ray Williams
13.1 Jerome James -> James Thomas -> Thomas Jordan -> Jordan Mickey -> Mickey Johnson
12.1 Lester Conner -> Conner Henry -> Henry James -> James Ennis -> Ennis Whatley
12.1 Ronnie Lester -> Lester Conner -> Conner Henry -> Henry James -> James Edwards
12.1 Clifford Ray -> Ray Scott -> Scott Lloyd -> Lloyd Neal -> Neal Walk
12.1 Lester Conner -> Conner Henry -> Henry James -> James Scott -> Scott May
12.1 Caleb Martin -> Martin Lewis -> Lewis Lloyd -> Lloyd Neal -> Neal Walk
12.1 Cody Martin -> Martin Lewis -> Lewis Lloyd -> Lloyd Neal -> Neal Walk
12.1 Cuonzo Martin -> Martin Lewis -> Lewis Lloyd -> Lloyd Neal -> Neal Walk
12.1 Dino Martin -> Martin Lewis -> Lewis Lloyd -> Lloyd Neal -> Neal Walk
12.1 Don Martin -> Martin Lewis -> Lewis Lloyd -> Lloyd Neal -> Neal Walk
12.1 Jeremiah Martin -> Martin Lewis -> Lewis Lloyd -> Lloyd Neal -> Neal Walk
12.1 Phil Martin -> Martin Lewis -> Lewis Lloyd -> Lloyd Neal -> Neal Walk
12.1 Ronnie Lester -> Lester Conner -> Conner Henry -> Henry Walker -> Walker Banks
12.1 Slater Martin -> Martin Lewis -> Lewis Lloyd -> Lloyd Neal -> Neal Walk
12.1 Whitey Martin -> Martin Lewis -> Lewis Lloyd -> Lloyd Neal -> Neal Walk
12.1 Brian Martin -> Martin Lewis -> Lewis Lloyd -> Lloyd Neal -> Neal Walk
12.1 Cartier Martin -> Martin Lewis -> Lewis Lloyd -> Lloyd Neal -> Neal Walk
12.1 Lester Conner -> Conner Henry -> Henry James -> James Scott -> Scott Padgett
11.1 Ronnie Lester -> Lester Conner -> Conner Henry -> Henry Logan -> Logan Vander Velden
11.1 Kelan Martin -> Martin Lewis -> Lewis Lloyd -> Lloyd Neal -> Neal Walk
11.1 Ronnie Lester -> Lester Conner -> Conner Henry -> Henry Walker -> Walker Russell
11.1 Ronnie Lester -> Lester Conner -> Conner Henry -> Henry Walker -> Walker Russell
11.1 Lester Conner -> Conner Henry -> Henry James -> James Thomas -> Thomas Bryant
11.1 Maurice Martin -> Martin Lewis -> Lewis Lloyd -> Lloyd Neal -> Neal Walk
11.1 Ronnie Lester -> Lester Conner -> Conner Henry -> Henry James -> James Ennis
11.1 Ronnie Lester -> Lester Conner -> Conner Henry -> Henry James -> James Hardy
11.1 Bill Martin -> Martin Lewis -> Lewis Lloyd -> Lloyd Neal -> Neal Walk
11.1 Bob Martin -> Martin Lewis -> Lewis Lloyd -> Lloyd Neal -> Neal Walk
11.1 Ronnie Lester -> Lester Conner -> Conner Henry -> Henry James -> James Singleton
11.1 Ronnie Lester -> Lester Conner -> Conner Henry -> Henry Ward -> Ward Williams
11.1 Jeff Martin -> Martin Lewis -> Lewis Lloyd -> Lloyd Neal -> Neal Walk
11.1 Darrick Martin -> Martin Lewis -> Lewis Lloyd -> Lloyd Neal -> Neal Walk
10.1 Lester Conner -> Conner Henry -> Henry Walker -> Walker Russell -> Russell Cross
10.1 Lester Conner -> Conner Henry -> Henry Walker -> Walker Russell -> Russell Cross
10.1 Mike James -> James Ray -> Ray Scott -> Scott Brooks -> Brooks Thompson
10.1 Mike James -> James Ray -> Ray Scott -> Scott Brooks -> Brooks Thompson
10.1 Lester Conner -> Conner Henry -> Henry Walker -> Walker Russell -> Russell Critchfield
10.1 Lester Conner -> Conner Henry -> Henry Walker -> Walker Russell -> Russell Critchfield
10.1 Ronnie Lester -> Lester Conner -> Conner Henry -> Henry James -> James Blackwell
10.1 Craig Raymond -> Raymond Felton -> Felton Spencer -> Spencer Haywood -> Haywood Highsmith
10.1 Ronnie Lester -> Lester Conner -> Conner Henry -> Henry James -> James Augustine
10.1 Ronnie Lester -> Lester Conner -> Conner Henry -> Henry James -> James Collins
10.1 Ronnie Lester -> Lester Conner -> Conner Henry -> Henry James -> James Phelan
10.1 Ronnie Lester -> Lester Conner -> Conner Henry -> Henry James -> James Robinson
10.1 Ronnie Lester -> Lester Conner -> Conner Henry -> Henry James -> James Southerland
10.1 Ronnie Lester -> Lester Conner -> Conner Henry -> Henry James -> James Wilkes
10.1 LaRue Martin -> Martin Lewis -> Lewis Lloyd -> Lloyd Neal -> Neal Walk
10.1 Torrey Craig -> Craig Raymond -> Raymond Felton -> Felton Spencer -> Spencer Haywood
10.1 Ronnie Lester -> Lester Conner -> Conner Henry -> Henry James -> James Cotton
10.1 Ronnie Lester -> Lester Conner -> Conner Henry -> Henry James -> James Lang
10.1 Ronnie Lester -> Lester Conner -> Conner Henry -> Henry James -> James Scott
10.1 Ronnie Lester -> Lester Conner -> Conner Henry -> Henry James -> James Nunnally
10.1 Ronnie Lester -> Lester Conner -> Conner Henry -> Henry James -> James Thomas
10.1 Ronnie Lester -> Lester Conner -> Conner Henry -> Henry James -> James Webb
10.1 Ronnie Lester -> Lester Conner -> Conner Henry -> Henry James -> James White
10.1 Ronnie Lester -> Lester Conner -> Conner Henry -> Henry James -> James Young
10.1 Jarell Martin -> Martin Lewis -> Lewis Lloyd -> Lloyd Neal -> Neal Walk
10.1 Ronnie Lester -> Lester Conner -> Conner Henry -> Henry James -> James Ray
9.1 Ronnie Lester -> Lester Conner -> Conner Henry -> Henry James -> James Anderson
9.1 Lester Conner -> Conner Henry -> Henry James -> James Cotton -> Cotton Nash
9.1 Lester Conner -> Conner Henry -> Henry James -> James Scott -> Scott Haskin
9.1 Lester Conner -> Conner Henry -> Henry James -> James Scott -> Scott Machado
9.1 Lester Conner -> Conner Henry -> Henry James -> James Scott -> Scott Meents
9.1 Lester Conner -> Conner Henry -> Henry James -> James Scott -> Scott Sims
9.1 Lester Conner -> Conner Henry -> Henry James -> James Thomas -> Thomas Welsh
9.1 Lester Conner -> Conner Henry -> Henry James -> James Scott -> Scott English
9.1 Jarrett Jack -> Jack George -> George Wilson -> Wilson Chandler -> Chandler Hutchison
9.1 Lester Conner -> Conner Henry -> Henry James -> James Thomas -> Thomas Gardner
9.1 Lester Conner -> Conner Henry -> Henry James -> James Thomas -> Thomas Jordan
9.1 Lester Conner -> Conner Henry -> Henry James -> James Ray -> Ray Corley
9.1 Lester Conner -> Conner Henry -> Henry James -> James Ray -> Ray Ellefson
9.1 Lester Conner -> Conner Henry -> Henry James -> James Ray -> Ray Epps
9.1 Lester Conner -> Conner Henry -> Henry James -> James Ray -> Ray Felix
9.1 Lester Conner -> Conner Henry -> Henry James -> James Ray -> Ray Kuka
9.1 Lester Conner -> Conner Henry -> Henry James -> James Ray -> Ray Lumpp
9.1 Lester Conner -> Conner Henry -> Henry James -> James Ray -> Ray Radziszewski
9.1 Lester Conner -> Conner Henry -> Henry James -> James Ray -> Ray Ragelis
9.1 Lester Conner -> Conner Henry -> Henry James -> James Ray -> Ray Ramsey
9.1 Lester Conner -> Conner Henry -> Henry James -> James Ray -> Ray Scott
9.1 Lester Conner -> Conner Henry -> Henry James -> James Ray -> Ray Wertis
9.1 Lester Conner -> Conner Henry -> Henry James -> James Scott -> Scott Haffner
9.1 Lester Conner -> Conner Henry -> Henry James -> James Thomas -> Thomas Hamilton
9.1 Howie Carl -> Carl Henry -> Henry James -> James Scott -> Scott Wedman
9.1 Lester Conner -> Conner Henry -> Henry James -> James Ray -> Ray Spalding
9.1 Lester Conner -> Conner Henry -> Henry James -> James Scott -> Scott Roth
9.1 Frankie Brian -> Brian Martin -> Martin Lewis -> Lewis Lloyd -> Lloyd Neal
9.1 Jimmy Conner -> Conner Henry -> Henry James -> James Scott -> Scott Wedman
8.1 Lester Conner -> Conner Henry -> Henry James -> James Ray -> Ray Blume
8.1 Lester Conner -> Conner Henry -> Henry James -> James Ray -> Ray McCallum
8.1 Lester Conner -> Conner Henry -> Henry James -> James Ray -> Ray Owes
8.1 Myke Henry -> Henry James -> James Ray -> Ray Scott -> Scott Wedman
8.1 Al Henry -> Henry James -> James Ray -> Ray Scott -> Scott Wedman
8.1 Bill Henry -> Henry James -> James Ray -> Ray Scott -> Scott Wedman
8.1 Carl Henry -> Henry James -> James Ray -> Ray Scott -> Scott Wedman
8.1 Skeeter Henry -> Henry James -> James Ray -> Ray Scott -> Scott Wedman
8.1 Lester Conner -> Conner Henry -> Henry James -> James Ray -> Ray Tolbert
8.1 Lester Conner -> Conner Henry -> Henry James -> James Scott -> Scott Hastings
8.1 Conner Henry -> Henry James -> James Ray -> Ray Scott -> Scott Wedman
8.1 Ronnie Lester -> Lester Conner -> Conner Henry -> Henry James -> James Bailey
8.1 Lester Conner -> Conner Henry -> Henry James -> James Thomas -> Thomas Robinson
7.1 Lester Conner -> Conner Henry -> Henry James -> James Scott -> Scott Williams
7.1 Kurt Thomas -> Thomas Jordan -> Jordan Mickey -> Mickey Dillard -> Dillard Crocker
7.1 Torrey Craig -> Craig Raymond -> Raymond Felton -> Felton Spencer -> Spencer Dinwiddie
7.1 Alex Len -> Len Elmore -> Elmore Spencer -> Spencer Haywood -> Haywood Highsmith
7.1 Don Carlos -> Carlos Terry -> Terry Thomas -> Thomas Bryant -> Bryant Stith
7.1 Reggie Slater -> Slater Martin -> Martin Lewis -> Lewis Lloyd -> Lloyd Neal
7.1 Lester Conner -> Conner Henry -> Henry James -> James Bailey -> Bailey Howell
7.1 Rusty LaRue -> LaRue Martin -> Martin Lewis -> Lewis Lloyd -> Lloyd Neal
7.1 Xavier Henry -> Henry James -> James Ray -> Ray Scott -> Scott Wedman
6.1 Howie Carl -> Carl Henry -> Henry James -> James Anderson -> Anderson Varejão
6.1 Frankie Brian -> Brian Martin -> Martin Lewis -> Lewis Lloyd -> Lloyd Walton
6.1 Mike James -> James Scott -> Scott Lloyd -> Lloyd Neal -> Neal Walk
6.1 Mike James -> James Scott -> Scott Lloyd -> Lloyd Neal -> Neal Walk
6.1 Frankie Brian -> Brian Martin -> Martin Lewis -> Lewis Lloyd -> Lloyd Daniels
6.1 Jimmy Conner -> Conner Henry -> Henry James -> James Anderson -> Anderson Varejão
6.1 Justin James -> James Ray -> Ray Scott -> Scott Brooks -> Brooks Thompson
6.1 Bernard James -> James Ray -> Ray Scott -> Scott Brooks -> Brooks Thompson
6.1 Billy James -> James Ray -> Ray Scott -> Scott Brooks -> Brooks Thompson
6.1 Gene James -> James Ray -> Ray Scott -> Scott Brooks -> Brooks Thompson
6.1 Torrey Craig -> Craig Raymond -> Raymond Felton -> Felton Spencer -> Spencer Hawes
6.1 Lester Conner -> Conner Henry -> Henry James -> James Scott -> Scott Lloyd
6.1 Frankie Brian -> Brian Martin -> Martin Lewis -> Lewis Lloyd -> Lloyd Batts
6.1 Ty Jerome -> Jerome James -> James Ray -> Ray Scott -> Scott Wedman
6.1 Damion James -> James Ray -> Ray Scott -> Scott Brooks -> Brooks Thompson
6.1 Tim James -> James Ray -> Ray Scott -> Scott Brooks -> Brooks Thompson
5.1 Aaron James -> James Ray -> Ray Scott -> Scott Brooks -> Brooks Thompson
5.1 Myke Henry -> Henry James -> James Scott -> Scott Brooks -> Brooks Thompson
5.1 Myke Henry -> Henry James -> James Thomas -> Thomas Bryant -> Bryant Stith
5.1 Al Henry -> Henry James -> James Scott -> Scott Brooks -> Brooks Thompson
5.1 Bill Henry -> Henry James -> James Scott -> Scott Brooks -> Brooks Thompson
5.1 Carl Henry -> Henry James -> James Scott -> Scott Brooks -> Brooks Thompson
5.1 Skeeter Henry -> Henry James -> James Scott -> Scott Brooks -> Brooks Thompson
5.1 Al Henry -> Henry James -> James Thomas -> Thomas Bryant -> Bryant Stith
5.1 Bill Henry -> Henry James -> James Thomas -> Thomas Bryant -> Bryant Stith
5.1 Carl Henry -> Henry James -> James Thomas -> Thomas Bryant -> Bryant Stith
5.1 Skeeter Henry -> Henry James -> James Thomas -> Thomas Bryant -> Bryant Stith
5.1 Tim Thomas -> Thomas Jordan -> Jordan Mickey -> Mickey Dillard -> Dillard Crocker
5.1 Howie Carl -> Carl Henry -> Henry James -> James Scott -> Scott Brooks
5.1 Howie Carl -> Carl Henry -> Henry James -> James Scott -> Scott Skiles
5.1 Conner Henry -> Henry James -> James Scott -> Scott Brooks -> Brooks Thompson
5.1 Conner Henry -> Henry James -> James Thomas -> Thomas Bryant -> Bryant Stith
5.1 Jimmy Conner -> Conner Henry -> Henry James -> James Scott -> Scott Brooks
5.1 Henry James -> James Ray -> Ray Scott -> Scott Brooks -> Brooks Thompson
5.1 Jimmy Conner -> Conner Henry -> Henry James -> James Scott -> Scott Skiles
5.1 Mike James -> James Thomas -> Thomas Jordan -> Jordan Mickey -> Mickey Davis
5.1 Mike James -> James Thomas -> Thomas Jordan -> Jordan Mickey -> Mickey Davis
5.1 Reggie Slater -> Slater Martin -> Martin Lewis -> Lewis Lloyd -> Lloyd Walton
5.1 Myke Henry -> Henry James -> James Ray -> Ray Scott -> Scott Brooks
5.1 Al Henry -> Henry James -> James Ray -> Ray Scott -> Scott Brooks
5.1 Bill Henry -> Henry James -> James Ray -> Ray Scott -> Scott Brooks
5.1 Carl Henry -> Henry James -> James Ray -> Ray Scott -> Scott Brooks
5.1 Myke Henry -> Henry James -> James Ray -> Ray Scott -> Scott Skiles
5.1 Reggie Slater -> Slater Martin -> Martin Lewis -> Lewis Lloyd -> Lloyd Daniels
5.1 Skeeter Henry -> Henry James -> James Ray -> Ray Scott -> Scott Brooks
4.1 Al Henry -> Henry James -> James Ray -> Ray Scott -> Scott Skiles
4.1 Bill Henry -> Henry James -> James Ray -> Ray Scott -> Scott Skiles
4.1 Carl Henry -> Henry James -> James Ray -> Ray Scott -> Scott Skiles
4.1 Skeeter Henry -> Henry James -> James Ray -> Ray Scott -> Scott Skiles
4.1 Rusty LaRue -> LaRue Martin -> Martin Lewis -> Lewis Lloyd -> Lloyd Walton
4.1 Rusty LaRue -> LaRue Martin -> Martin Lewis -> Lewis Lloyd -> Lloyd Daniels
4.1 Conner Henry -> Henry James -> James Ray -> Ray Scott -> Scott Brooks
4.1 Conner Henry -> Henry James -> James Ray -> Ray Scott -> Scott Skiles
4.1 Reggie Slater -> Slater Martin -> Martin Lewis -> Lewis Lloyd -> Lloyd Batts
4.1 Myles Patrick -> Patrick Eddie -> Eddie Jordan -> Jordan Mickey -> Mickey Davis
4.1 Stan Patrick -> Patrick Eddie -> Eddie Jordan -> Jordan Mickey -> Mickey Davis
4.1 Kevin Ollie -> Ollie Mack -> Mack Calvin -> Calvin Garrett -> Garrett Temple
4.1 Rusty LaRue -> LaRue Martin -> Martin Lewis -> Lewis Lloyd -> Lloyd Batts
4.1 Mike James -> James Thomas -> Thomas Jordan -> Jordan Loyd -> Loyd King
4.1 Mike James -> James Thomas -> Thomas Jordan -> Jordan Loyd -> Loyd King
4.1 Don Carlos -> Carlos Terry -> Terry Thomas -> Thomas Jordan -> Jordan Clarkson
4.1 Xavier Henry -> Henry James -> James Scott -> Scott Brooks -> Brooks Thompson
3.1 Don Carlos -> Carlos Terry -> Terry Thomas -> Thomas Jordan -> Jordan Farmar
3.1 Howie Carl -> Carl Henry -> Henry James -> James Scott -> Scott Burrell
3.1 Xavier Henry -> Henry James -> James Thomas -> Thomas Bryant -> Bryant Stith
3.1 Mike James -> James Thomas -> Thomas Jordan -> Jordan Mickey -> Mickey Rottner
3.1 Mike James -> James Thomas -> Thomas Jordan -> Jordan Mickey -> Mickey Rottner
3.1 Jimmy Conner -> Conner Henry -> Henry James -> James Scott -> Scott Burrell
3.1 Mike James -> James Thomas -> Thomas Jordan -> Jordan Mickey -> Mickey Dillard
3.1 Mike James -> James Thomas -> Thomas Jordan -> Jordan Mickey -> Mickey Dillard
3.1 Myke Henry -> Henry James -> James Ray -> Ray Scott -> Scott Burrell
3.1 Myles Patrick -> Patrick Eddie -> Eddie Jordan -> Jordan Loyd -> Loyd King
3.1 Stan Patrick -> Patrick Eddie -> Eddie Jordan -> Jordan Loyd -> Loyd King
3.1 Al Henry -> Henry James -> James Ray -> Ray Scott -> Scott Burrell
3.1 Bill Henry -> Henry James -> James Ray -> Ray Scott -> Scott Burrell
3.1 Carl Henry -> Henry James -> James Ray -> Ray Scott -> Scott Burrell
3.1 Skeeter Henry -> Henry James -> James Ray -> Ray Scott -> Scott Burrell
3.1 Mike James -> James Ray -> Ray Scott -> Scott Lloyd -> Lloyd Neal
3.1 Mike James -> James Ray -> Ray Scott -> Scott Lloyd -> Lloyd Neal
3.1 Ty Jerome -> Jerome James -> James Scott -> Scott Brooks -> Brooks Thompson
3.1 Xavier Henry -> Henry James -> James Ray -> Ray Scott -> Scott Brooks
3.1 Myles Patrick -> Patrick Eddie -> Eddie Jordan -> Jordan Mickey -> Mickey Rottner
3.1 Stan Patrick -> Patrick Eddie -> Eddie Jordan -> Jordan Mickey -> Mickey Rottner
3.1 Ty Jerome -> Jerome James -> James Thomas -> Thomas Bryant -> Bryant Stith
3.1 Xavier Henry -> Henry James -> James Ray -> Ray Scott -> Scott Skiles
3.1 Conner Henry -> Henry James -> James Ray -> Ray Scott -> Scott Burrell
3.1 Jarell Eddie -> Eddie Jordan -> Jordan Mickey -> Mickey Dillard -> Dillard Crocker
2.1 Jerome James -> James Ray -> Ray Scott -> Scott Brooks -> Brooks Thompson
2.1 Myles Patrick -> Patrick Eddie -> Eddie Jordan -> Jordan Mickey -> Mickey Dillard
2.1 Patrick Eddie -> Eddie Jordan -> Jordan Mickey -> Mickey Dillard -> Dillard Crocker
2.1 Stan Patrick -> Patrick Eddie -> Eddie Jordan -> Jordan Mickey -> Mickey Dillard
2.1 Ken Charles -> Charles Thomas -> Thomas Jordan -> Jordan Mickey -> Mickey Davis
2.1 Ty Jerome -> Jerome James -> James Ray -> Ray Scott -> Scott Brooks
2.1 Ty Jerome -> Jerome James -> James Ray -> Ray Scott -> Scott Skiles
2.1 Myke Henry -> Henry James -> James Thomas -> Thomas Jordan -> Jordan Clarkson
2.1 Kenny Thomas -> Thomas Jordan -> Jordan Mickey -> Mickey Dillard -> Dillard Crocker
2.1 Al Henry -> Henry James -> James Thomas -> Thomas Jordan -> Jordan Clarkson
2.1 Bill Henry -> Henry James -> James Thomas -> Thomas Jordan -> Jordan Clarkson
2.1 Carl Henry -> Henry James -> James Thomas -> Thomas Jordan -> Jordan Clarkson
2.1 Don Ray -> Ray Scott -> Scott Lloyd -> Lloyd Neal -> Neal Walk
2.1 Jim Ray -> Ray Scott -> Scott Lloyd -> Lloyd Neal -> Neal Walk
2.1 Justin James -> James Scott -> Scott Lloyd -> Lloyd Neal -> Neal Walk
2.1 Skeeter Henry -> Henry James -> James Thomas -> Thomas Jordan -> Jordan Clarkson
2.1 Myke Henry -> Henry James -> James Thomas -> Thomas Jordan -> Jordan Farmar
2.1 Allan Ray -> Ray Scott -> Scott Lloyd -> Lloyd Neal -> Neal Walk
2.1 Bernard James -> James Scott -> Scott Lloyd -> Lloyd Neal -> Neal Walk
2.1 Billy James -> James Scott -> Scott Lloyd -> Lloyd Neal -> Neal Walk
2.1 Gene James -> James Scott -> Scott Lloyd -> Lloyd Neal -> Neal Walk
2.1 Al Henry -> Henry James -> James Thomas -> Thomas Jordan -> Jordan Farmar
2.1 Bill Henry -> Henry James -> James Thomas -> Thomas Jordan -> Jordan Farmar
2.1 Carl Henry -> Henry James -> James Thomas -> Thomas Jordan -> Jordan Farmar
2.1 Skeeter Henry -> Henry James -> James Thomas -> Thomas Jordan -> Jordan Farmar
2.1 Conner Henry -> Henry James -> James Thomas -> Thomas Jordan -> Jordan Clarkson
1.1 Damion James -> James Scott -> Scott Lloyd -> Lloyd Neal -> Neal Walk
1.1 Tim James -> James Scott -> Scott Lloyd -> Lloyd Neal -> Neal Walk
1.1 Conner Henry -> Henry James -> James Thomas -> Thomas Jordan -> Jordan Farmar
1.1 Howie Carl -> Carl Henry -> Henry James -> James Ennis -> Ennis Whatley
1.1 Xavier Henry -> Henry James -> James Ray -> Ray Scott -> Scott Burrell
1.1 James Ray -> Ray Scott -> Scott Lloyd -> Lloyd Neal -> Neal Walk
1.1 Aaron James -> James Scott -> Scott Lloyd -> Lloyd Neal -> Neal Walk
1.1 Jimmy Conner -> Conner Henry -> Henry James -> James Ennis -> Ennis Whatley
1.1 Ken Charles -> Charles Thomas -> Thomas Jordan -> Jordan Loyd -> Loyd King
1.1 Don Carlos -> Carlos Terry -> Terry Thomas -> Thomas Jordan -> Jordan Crawford
1.1 Howie Carl -> Carl Henry -> Henry James -> James Scott -> Scott May
1.1 Claude Terry -> Terry Thomas -> Thomas Jordan -> Jordan Mickey -> Mickey Davis
1.1 Don Carlos -> Carlos Terry -> Terry Thomas -> Thomas Jordan -> Jordan Bell
1.1 Ken Charles -> Charles Thomas -> Thomas Jordan -> Jordan Mickey -> Mickey Rottner
1.1 Carlos Terry -> Terry Thomas -> Thomas Jordan -> Jordan Mickey -> Mickey Davis
1.1 Jimmy Conner -> Conner Henry -> Henry James -> James Scott -> Scott May
1.1 Don Carlos -> Carlos Terry -> Terry Thomas -> Thomas Jordan -> Jordan Hamilton
1.1 Mike James -> James Ray -> Ray Scott -> Scott Lloyd -> Lloyd Walton
1.1 Mike James -> James Ray -> Ray Scott -> Scott Lloyd -> Lloyd Walton
1.1 Myke Henry -> Henry James -> James Ray -> Ray Scott -> Scott May
1.1 Ken Charles -> Charles Thomas -> Thomas Jordan -> Jordan Mickey -> Mickey Dillard
1.1 Ty Jerome -> Jerome James -> James Ray -> Ray Scott -> Scott Burrell
0.1 Howie Carl -> Carl Henry -> Henry James -> James Scott -> Scott Padgett
0.1 Mike James -> James Ray -> Ray Scott -> Scott Lloyd -> Lloyd Daniels
0.1 Mike James -> James Ray -> Ray Scott -> Scott Lloyd -> Lloyd Daniels
0.1 Henry James -> James Scott -> Scott Lloyd -> Lloyd Neal -> Neal Walk
0.1 Al Henry -> Henry James -> James Ray -> Ray Scott -> Scott May
0.1 Bill Henry -> Henry James -> James Ray -> Ray Scott -> Scott May
0.1 Carl Henry -> Henry James -> James Ray -> Ray Scott -> Scott May
0.1 Skeeter Henry -> Henry James -> James Ray -> Ray Scott -> Scott May
0.1 Howie Carl -> Carl Thomas -> Thomas Jordan -> Jordan Mickey -> Mickey Davis
0.1 Tyrus Thomas -> Thomas Jordan -> Jordan Mickey -> Mickey Dillard -> Dillard Crocker
0.1 Jimmy Conner -> Conner Henry -> Henry James -> James Scott -> Scott Padgett
0.1 Howie Carl -> Carl Henry -> Henry James -> James Thomas -> Thomas Bryant
0.1 Chuck Terry -> Terry Thomas -> Thomas Jordan -> Jordan Mickey -> Mickey Davis
0.1 Emanuel Terry -> Terry Thomas -> Thomas Jordan -> Jordan Mickey -> Mickey Davis
0.1 Justin James -> James Thomas -> Thomas Jordan -> Jordan Mickey -> Mickey Davis
0.1 Ken Charles -> Charles Jordan -> Jordan Mickey -> Mickey Dillard -> Dillard Crocker
0.1 Bernard James -> James Thomas -> Thomas Jordan -> Jordan Mickey -> Mickey Davis
0.1 Billy James -> James Thomas -> Thomas Jordan -> Jordan Mickey -> Mickey Davis
0.1 Conner Henry -> Henry James -> James Ray -> Ray Scott -> Scott May
0.1 Gene James -> James Thomas -> Thomas Jordan -> Jordan Mickey -> Mickey Davis
0.1 Lorenzo Charles -> Charles Thomas -> Thomas Jordan -> Jordan Mickey -> Mickey Davis
0.1 Myke Henry -> Henry James -> James Ray -> Ray Scott -> Scott Padgett
0.1 Mike James -> James Ray -> Ray Scott -> Scott Lloyd -> Lloyd Batts
0.1 Mike James -> James Ray -> Ray Scott -> Scott Lloyd -> Lloyd Batts
0.1 Xavier Henry -> Henry James -> James Thomas -> Thomas Jordan -> Jordan Clarkson
0.1 Jimmy Conner -> Conner Henry -> Henry James -> James Thomas -> Thomas Bryant
0.1 Al Henry -> Henry James -> James Ray -> Ray Scott -> Scott Padgett
0.1 Bill Henry -> Henry James -> James Ray -> Ray Scott -> Scott Padgett
0.1 Carl Henry -> Henry James -> James Ray -> Ray Scott -> Scott Padgett
0.1 Don Carlos -> Carlos Terry -> Terry Thomas -> Thomas Jordan -> Jordan McLaughlin
0.1 Skeeter Henry -> Henry James -> James Ray -> Ray Scott -> Scott Padgett
0.1 Don Carlos -> Carlos Terry -> Terry Thomas -> Thomas Jordan -> Jordan Adams
0.1 Claude Terry -> Terry Thomas -> Thomas Jordan -> Jordan Loyd -> Loyd King
0.1 Ronald Thomas -> Thomas Jordan -> Jordan Mickey -> Mickey Dillard -> Dillard Crocker
0.1 Xavier Henry -> Henry James -> James Thomas -> Thomas Jordan -> Jordan Farmar
0.1 Damion James -> James Thomas -> Thomas Jordan -> Jordan Mickey -> Mickey Davis
0.1 Tim James -> James Thomas -> Thomas Jordan -> Jordan Mickey -> Mickey Davis
0.1 Carlos Terry -> Terry Thomas -> Thomas Jordan -> Jordan Loyd -> Loyd King
0.1 Don Carlos -> Carlos Terry -> Terry Thomas -> Thomas Jordan -> Jordan Hill
0.1 Don Carlos -> Carlos Terry -> Terry Thomas -> Thomas Jordan -> Jordan Loyd
0.1 Don Carlos -> Carlos Terry -> Terry Thomas -> Thomas Jordan -> Jordan McRae
0.1 Don Carlos -> Carlos Terry -> Terry Thomas -> Thomas Jordan -> Jordan Sibert
0.1 Don Carlos -> Carlos Terry -> Terry Thomas -> Thomas Jordan -> Jordan Williams
0.1 Conner Henry -> Henry James -> James Ray -> Ray Scott -> Scott Padgett
0.1 Don Carlos -> Carlos Terry -> Terry Thomas -> Thomas Jordan -> Jordan Bone
0.1 Claude Terry -> Terry Thomas -> Thomas Jordan -> Jordan Mickey -> Mickey Rottner
0.1 Howie Carl -> Carl Henry -> Henry Walker -> Walker Russell -> Russell Cross
0.1 Howie Carl -> Carl Henry -> Henry Walker -> Walker Russell -> Russell Cross
0.1 Aaron James -> James Thomas -> Thomas Jordan -> Jordan Mickey -> Mickey Davis
0.1 Carlos Terry -> Terry Thomas -> Thomas Jordan -> Jordan Mickey -> Mickey Rottner
0.1 Don Carlos -> Carlos Terry -> Terry Thomas -> Thomas Jordan -> Jordan Mickey
0.1 Howie Carl -> Carl Henry -> Henry Walker -> Walker Russell -> Russell Critchfield
0.1 Howie Carl -> Carl Henry -> Henry Walker -> Walker Russell -> Russell Critchfield
0.1 Howie Carl -> Carl Thomas -> Thomas Jordan -> Jordan Loyd -> Loyd King
0.1 Ty Jerome -> Jerome James -> James Thomas -> Thomas Jordan -> Jordan Clarkson
0.1 Myke Henry -> Henry James -> James Thomas -> Thomas Jordan -> Jordan Crawford
0.1 Jimmy Conner -> Conner Henry -> Henry Walker -> Walker Russell -> Russell Cross
0.1 Jimmy Conner -> Conner Henry -> Henry Walker -> Walker Russell -> Russell Cross
0.1 Kevin Willis -> Willis Thomas -> Thomas Jordan -> Jordan Mickey -> Mickey Davis
0.1 Claude Terry -> Terry Thomas -> Thomas Jordan -> Jordan Mickey -> Mickey Dillard
0.1 Al Henry -> Henry James -> James Thomas -> Thomas Jordan -> Jordan Crawford
0.1 Bill Henry -> Henry James -> James Thomas -> Thomas Jordan -> Jordan Crawford
0.1 Carl Henry -> Henry James -> James Thomas -> Thomas Jordan -> Jordan Crawford
0.1 Myke Henry -> Henry James -> James Thomas -> Thomas Jordan -> Jordan Bell
0.1 Skeeter Henry -> Henry James -> James Thomas -> Thomas Jordan -> Jordan Crawford
0.1 Ty Jerome -> Jerome James -> James Thomas -> Thomas Jordan -> Jordan Farmar
0.1 Jimmy Conner -> Conner Henry -> Henry Walker -> Walker Russell -> Russell Critchfield
0.1 Jimmy Conner -> Conner Henry -> Henry Walker -> Walker Russell -> Russell Critchfield
0.1 Jim Thomas -> Thomas Jordan -> Jordan Mickey -> Mickey Dillard -> Dillard Crocker
0.1 Chuck Terry -> Terry Thomas -> Thomas Jordan -> Jordan Loyd -> Loyd King
0.1 Emanuel Terry -> Terry Thomas -> Thomas Jordan -> Jordan Loyd -> Loyd King
0.1 Justin James -> James Thomas -> Thomas Jordan -> Jordan Loyd -> Loyd King
0.1 Al Henry -> Henry James -> James Thomas -> Thomas Jordan -> Jordan Bell
0.1 Bill Henry -> Henry James -> James Thomas -> Thomas Jordan -> Jordan Bell
0.1 Carl Henry -> Henry James -> James Thomas -> Thomas Jordan -> Jordan Bell
0.1 Skeeter Henry -> Henry James -> James Thomas -> Thomas Jordan -> Jordan Bell
0.1 Carlos Terry -> Terry Thomas -> Thomas Jordan -> Jordan Mickey -> Mickey Dillard
0.1 Bernard James -> James Thomas -> Thomas Jordan -> Jordan Loyd -> Loyd King
0.1 Billy James -> James Thomas -> Thomas Jordan -> Jordan Loyd -> Loyd King
0.1 Gene James -> James Thomas -> Thomas Jordan -> Jordan Loyd -> Loyd King
0.1 Howie Carl -> Carl Thomas -> Thomas Jordan -> Jordan Mickey -> Mickey Rottner
0.1 Lorenzo Charles -> Charles Thomas -> Thomas Jordan -> Jordan Loyd -> Loyd King
0.1 Myke Henry -> Henry James -> James Thomas -> Thomas Jordan -> Jordan Hamilton
0.1 Matt Thomas -> Thomas Jordan -> Jordan Mickey -> Mickey Dillard -> Dillard Crocker
0.1 Al Henry -> Henry James -> James Thomas -> Thomas Jordan -> Jordan Hamilton
0.1 Bill Henry -> Henry James -> James Thomas -> Thomas Jordan -> Jordan Hamilton
0.1 Carl Henry -> Henry James -> James Thomas -> Thomas Jordan -> Jordan Hamilton
0.1 Conner Henry -> Henry James -> James Thomas -> Thomas Jordan -> Jordan Crawford
0.1 Henry James -> James Thomas -> Thomas Jordan -> Jordan Mickey -> Mickey Davis
0.1 Skeeter Henry -> Henry James -> James Thomas -> Thomas Jordan -> Jordan Hamilton
0.1 Ty Jerome -> Jerome Jordan -> Jordan Mickey -> Mickey Dillard -> Dillard Crocker
0.1 Chuck Terry -> Terry Thomas -> Thomas Jordan -> Jordan Mickey -> Mickey Rottner
0.1 Emanuel Terry -> Terry Thomas -> Thomas Jordan -> Jordan Mickey -> Mickey Rottner
0.1 Justin James -> James Thomas -> Thomas Jordan -> Jordan Mickey -> Mickey Rottner
0.1 Bernard James -> James Thomas -> Thomas Jordan -> Jordan Mickey -> Mickey Rottner
0.1 Billy James -> James Thomas -> Thomas Jordan -> Jordan Mickey -> Mickey Rottner
0.1 Carl Thomas -> Thomas Jordan -> Jordan Mickey -> Mickey Dillard -> Dillard Crocker
0.1 Conner Henry -> Henry James -> James Thomas -> Thomas Jordan -> Jordan Bell
0.1 Damion James -> James Thomas -> Thomas Jordan -> Jordan Loyd -> Loyd King
0.1 Gene James -> James Thomas -> Thomas Jordan -> Jordan Mickey -> Mickey Rottner
0.1 Howie Carl -> Carl Thomas -> Thomas Jordan -> Jordan Mickey -> Mickey Dillard
0.1 Lorenzo Charles -> Charles Thomas -> Thomas Jordan -> Jordan Mickey -> Mickey Rottner
0.1 Tim James -> James Thomas -> Thomas Jordan -> Jordan Loyd -> Loyd King
0.1 Xavier Henry -> Henry James -> James Ray -> Ray Scott -> Scott May
0.1 Adonis Thomas -> Thomas Jordan -> Jordan Mickey -> Mickey Dillard -> Dillard Crocker
0.1 Joe Thomas -> Thomas Jordan -> Jordan Mickey -> Mickey Dillard -> Dillard Crocker
0.1 Willis Thomas -> Thomas Jordan -> Jordan Mickey -> Mickey Dillard -> Dillard Crocker
0.1 Conner Henry -> Henry James -> James Thomas -> Thomas Jordan -> Jordan Hamilton
0.1 Chuck Terry -> Terry Thomas -> Thomas Jordan -> Jordan Mickey -> Mickey Dillard
0.1 Emanuel Terry -> Terry Thomas -> Thomas Jordan -> Jordan Mickey -> Mickey Dillard
0.1 Justin James -> James Thomas -> Thomas Jordan -> Jordan Mickey -> Mickey Dillard
0.1 Terry Thomas -> Thomas Jordan -> Jordan Mickey -> Mickey Dillard -> Dillard Crocker
-1.1 Aaron James -> James Thomas -> Thomas Jordan -> Jordan Loyd -> Loyd King
-1.1 Bernard James -> James Thomas -> Thomas Jordan -> Jordan Mickey -> Mickey Dillard
-1.1 Billy James -> James Thomas -> Thomas Jordan -> Jordan Mickey -> Mickey Dillard
-1.1 Billy Thomas -> Thomas Jordan -> Jordan Mickey -> Mickey Dillard -> Dillard Crocker
-1.1 Charles Thomas -> Thomas Jordan -> Jordan Mickey -> Mickey Dillard -> Dillard Crocker
-1.1 Damion James -> James Thomas -> Thomas Jordan -> Jordan Mickey -> Mickey Rottner
-1.1 Etan Thomas -> Thomas Jordan -> Jordan Mickey -> Mickey Dillard -> Dillard Crocker
-1.1 Gene James -> James Thomas -> Thomas Jordan -> Jordan Mickey -> Mickey Dillard
-1.1 Irving Thomas -> Thomas Jordan -> Jordan Mickey -> Mickey Dillard -> Dillard Crocker
-1.1 Jamel Thomas -> Thomas Jordan -> Jordan Mickey -> Mickey Dillard -> Dillard Crocker
-1.1 James Thomas -> Thomas Jordan -> Jordan Mickey -> Mickey Dillard -> Dillard Crocker
-1.1 Khyri Thomas -> Thomas Jordan -> Jordan Mickey -> Mickey Dillard -> Dillard Crocker
-1.1 Lorenzo Charles -> Charles Thomas -> Thomas Jordan -> Jordan Mickey -> Mickey Dillard
-1.1 Tim James -> James Thomas -> Thomas Jordan -> Jordan Mickey -> Mickey Rottner
-1.1 Justin James -> James Ray -> Ray Scott -> Scott Lloyd -> Lloyd Neal
-1.1 Malcolm Thomas -> Thomas Jordan -> Jordan Mickey -> Mickey Dillard -> Dillard Crocker
-1.1 Myke Henry -> Henry James -> James Thomas -> Thomas Jordan -> Jordan McLaughlin
-1.1 Kevin Willis -> Willis Thomas -> Thomas Jordan -> Jordan Loyd -> Loyd King
-1.1 Bernard James -> James Ray -> Ray Scott -> Scott Lloyd -> Lloyd Neal
-1.1 Billy James -> James Ray -> Ray Scott -> Scott Lloyd -> Lloyd Neal
-1.1 Gene James -> James Ray -> Ray Scott -> Scott Lloyd -> Lloyd Neal
-1.1 Xavier Henry -> Henry James -> James Ray -> Ray Scott -> Scott Padgett
-1.1 Al Henry -> Henry James -> James Thomas -> Thomas Jordan -> Jordan McLaughlin
-1.1 Bill Henry -> Henry James -> James Thomas -> Thomas Jordan -> Jordan McLaughlin
-1.1 Carl Henry -> Henry James -> James Thomas -> Thomas Jordan -> Jordan McLaughlin
-1.1 Myke Henry -> Henry James -> James Thomas -> Thomas Jordan -> Jordan Adams
-1.1 Skeeter Henry -> Henry James -> James Thomas -> Thomas Jordan -> Jordan McLaughlin
-1.1 Aaron James -> James Thomas -> Thomas Jordan -> Jordan Mickey -> Mickey Rottner
-1.1 Damion James -> James Thomas -> Thomas Jordan -> Jordan Mickey -> Mickey Dillard
-1.1 Don Carlos -> Carlos Terry -> Terry Thomas -> Thomas Jordan -> Jordan Poole
-1.1 Howie Carl -> Carl Henry -> Henry James -> James Cotton -> Cotton Nash
-1.1 Howie Carl -> Carl Henry -> Henry James -> James Scott -> Scott Haskin
-1.1 Howie Carl -> Carl Henry -> Henry James -> James Scott -> Scott Machado
-1.1 Howie Carl -> Carl Henry -> Henry James -> James Scott -> Scott Meents
-1.1 Lorenzo Charles -> Charles Jordan -> Jordan Mickey -> Mickey Dillard -> Dillard Crocker
-1.1 Tim James -> James Thomas -> Thomas Jordan -> Jordan Mickey -> Mickey Dillard
-1.1 Jerome James -> James Scott -> Scott Lloyd -> Lloyd Neal -> Neal Walk
-1.1 Al Henry -> Henry James -> James Thomas -> Thomas Jordan -> Jordan Adams
-1.1 Bill Henry -> Henry James -> James Thomas -> Thomas Jordan -> Jordan Adams
-1.1 Carl Henry -> Henry James -> James Thomas -> Thomas Jordan -> Jordan Adams
-1.1 Howie Carl -> Carl Henry -> Henry James -> James Thomas -> Thomas Welsh
-1.1 Skeeter Henry -> Henry James -> James Thomas -> Thomas Jordan -> Jordan Adams
-1.1 Howie Carl -> Carl Henry -> Henry James -> James Scott -> Scott Sims
-1.1 Myke Henry -> Henry James -> James Thomas -> Thomas Jordan -> Jordan Hill
-1.1 Myke Henry -> Henry James -> James Thomas -> Thomas Jordan -> Jordan Loyd
-1.1 Myke Henry -> Henry James -> James Thomas -> Thomas Jordan -> Jordan McRae
-1.1 Myke Henry -> Henry James -> James Thomas -> Thomas Jordan -> Jordan Sibert
-1.1 Myke Henry -> Henry James -> James Thomas -> Thomas Jordan -> Jordan Williams
-1.1 Damion James -> James Ray -> Ray Scott -> Scott Lloyd -> Lloyd Neal
-1.1 Howie Carl -> Carl Henry -> Henry James -> James Scott -> Scott English
-1.1 Jimmy Conner -> Conner Henry -> Henry James -> James Cotton -> Cotton Nash
-1.1 Jimmy Conner -> Conner Henry -> Henry James -> James Scott -> Scott Haskin
-1.1 Jimmy Conner -> Conner Henry -> Henry James -> James Scott -> Scott Machado
-1.1 Jimmy Conner -> Conner Henry -> Henry James -> James Scott -> Scott Meents
-1.1 Kevin Willis -> Willis Thomas -> Thomas Jordan -> Jordan Mickey -> Mickey Rottner
-1.1 Tim James -> James Ray -> Ray Scott -> Scott Lloyd -> Lloyd Neal
-1.1 Ty Jerome -> Jerome James -> James Ray -> Ray Scott -> Scott May
-1.1 Al Henry -> Henry James -> James Thomas -> Thomas Jordan -> Jordan Hill
-1.1 Al Henry -> Henry James -> James Thomas -> Thomas Jordan -> Jordan Loyd
-1.1 Al Henry -> Henry James -> James Thomas -> Thomas Jordan -> Jordan McRae
-1.1 Al Henry -> Henry James -> James Thomas -> Thomas Jordan -> Jordan Sibert
-1.1 Al Henry -> Henry James -> James Thomas -> Thomas Jordan -> Jordan Williams
-1.1 Bill Henry -> Henry James -> James Thomas -> Thomas Jordan -> Jordan Hill
-1.1 Bill Henry -> Henry James -> James Thomas -> Thomas Jordan -> Jordan Loyd
-1.1 Bill Henry -> Henry James -> James Thomas -> Thomas Jordan -> Jordan McRae
-1.1 Bill Henry -> Henry James -> James Thomas -> Thomas Jordan -> Jordan Sibert
-1.1 Bill Henry -> Henry James -> James Thomas -> Thomas Jordan -> Jordan Williams
-1.1 Carl Henry -> Henry James -> James Thomas -> Thomas Jordan -> Jordan Hill
-1.1 Carl Henry -> Henry James -> James Thomas -> Thomas Jordan -> Jordan Loyd
-1.1 Carl Henry -> Henry James -> James Thomas -> Thomas Jordan -> Jordan McRae
-1.1 Carl Henry -> Henry James -> James Thomas -> Thomas Jordan -> Jordan Sibert
-1.1 Carl Henry -> Henry James -> James Thomas -> Thomas Jordan -> Jordan Williams
-1.1 Conner Henry -> Henry James -> James Thomas -> Thomas Jordan -> Jordan McLaughlin
-1.1 Henry James -> James Thomas -> Thomas Jordan -> Jordan Loyd -> Loyd King
-1.1 Howie Carl -> Carl Henry -> Henry James -> James Thomas -> Thomas Gardner
-1.1 Howie Carl -> Carl Henry -> Henry James -> James Thomas -> Thomas Jordan
-1.1 Jimmy Conner -> Conner Henry -> Henry James -> James Thomas -> Thomas Welsh
-1.1 Myke Henry -> Henry James -> James Thomas -> Thomas Jordan -> Jordan Bone
-1.1 Skeeter Henry -> Henry James -> James Thomas -> Thomas Jordan -> Jordan Hill
-1.1 Skeeter Henry -> Henry James -> James Thomas -> Thomas Jordan -> Jordan Loyd
-1.1 Skeeter Henry -> Henry James -> James Thomas -> Thomas Jordan -> Jordan McRae
-1.1 Skeeter Henry -> Henry James -> James Thomas -> Thomas Jordan -> Jordan Sibert
-1.1 Skeeter Henry -> Henry James -> James Thomas -> Thomas Jordan -> Jordan Williams
-1.1 Aaron James -> James Thomas -> Thomas Jordan -> Jordan Mickey -> Mickey Dillard
-1.1 Jimmy Conner -> Conner Henry -> Henry James -> James Scott -> Scott Sims
-1.1 Myke Henry -> Henry James -> James Ray -> Ray Scott -> Scott Haskin
-1.1 Myke Henry -> Henry James -> James Ray -> Ray Scott -> Scott Machado
-1.1 Myke Henry -> Henry James -> James Ray -> Ray Scott -> Scott Meents
-1.1 Al Henry -> Henry James -> James Thomas -> Thomas Jordan -> Jordan Bone
-1.1 Bill Henry -> Henry James -> James Thomas -> Thomas Jordan -> Jordan Bone
-1.1 Carl Henry -> Henry James -> James Thomas -> Thomas Jordan -> Jordan Bone
-1.1 Conner Henry -> Henry James -> James Thomas -> Thomas Jordan -> Jordan Adams
-1.1 Jimmy Conner -> Conner Henry -> Henry James -> James Scott -> Scott English
-1.1 Skeeter Henry -> Henry James -> James Thomas -> Thomas Jordan -> Jordan Bone
-1.1 Aaron James -> James Ray -> Ray Scott -> Scott Lloyd -> Lloyd Neal
-1.1 Al Henry -> Henry James -> James Ray -> Ray Scott -> Scott Haskin
-1.1 Al Henry -> Henry James -> James Ray -> Ray Scott -> Scott Machado
-1.1 Al Henry -> Henry James -> James Ray -> Ray Scott -> Scott Meents
-1.1 Bill Henry -> Henry James -> James Ray -> Ray Scott -> Scott Haskin
-1.1 Bill Henry -> Henry James -> James Ray -> Ray Scott -> Scott Machado
-1.1 Bill Henry -> Henry James -> James Ray -> Ray Scott -> Scott Meents
-1.1 Carl Henry -> Henry James -> James Ray -> Ray Scott -> Scott Haskin
-1.1 Carl Henry -> Henry James -> James Ray -> Ray Scott -> Scott Machado
-1.1 Carl Henry -> Henry James -> James Ray -> Ray Scott -> Scott Meents
-1.1 Don Carlos -> Carlos Terry -> Terry Thomas -> Thomas Bryant -> Bryant Reeves
-1.1 Howie Carl -> Carl Henry -> Henry James -> James Ray -> Ray Corley
-1.1 Howie Carl -> Carl Henry -> Henry James -> James Ray -> Ray Ellefson
-1.1 Howie Carl -> Carl Henry -> Henry James -> James Ray -> Ray Epps
-1.1 Howie Carl -> Carl Henry -> Henry James -> James Ray -> Ray Felix
-1.1 Howie Carl -> Carl Henry -> Henry James -> James Ray -> Ray Kuka
-1.1 Howie Carl -> Carl Henry -> Henry James -> James Ray -> Ray Lumpp
-1.1 Howie Carl -> Carl Henry -> Henry James -> James Ray -> Ray Radziszewski
-1.1 Howie Carl -> Carl Henry -> Henry James -> James Ray -> Ray Ragelis
-1.1 Howie Carl -> Carl Henry -> Henry James -> James Ray -> Ray Ramsey
-1.1 Howie Carl -> Carl Henry -> Henry James -> James Ray -> Ray Scott
-1.1 Howie Carl -> Carl Henry -> Henry James -> James Ray -> Ray Wertis
-1.1 Howie Carl -> Carl Henry -> Henry James -> James Thomas -> Thomas Hamilton
-1.1 Jimmy Conner -> Conner Henry -> Henry James -> James Thomas -> Thomas Gardner
-1.1 Jimmy Conner -> Conner Henry -> Henry James -> James Thomas -> Thomas Jordan
-1.1 Myke Henry -> Henry James -> James Ray -> Ray Scott -> Scott Sims
-1.1 Myke Henry -> Henry James -> James Scott -> Scott Lloyd -> Lloyd Neal
-1.1 Myke Henry -> Henry James -> James Thomas -> Thomas Jordan -> Jordan Mickey
-1.1 Skeeter Henry -> Henry James -> James Ray -> Ray Scott -> Scott Haskin
-1.1 Skeeter Henry -> Henry James -> James Ray -> Ray Scott -> Scott Machado
-1.1 Skeeter Henry -> Henry James -> James Ray -> Ray Scott -> Scott Meents
-1.1 Howie Carl -> Carl Henry -> Henry James -> James Scott -> Scott Haffner
-1.1 Kevin Willis -> Willis Thomas -> Thomas Jordan -> Jordan Mickey -> Mickey Dillard
-1.1 Myke Henry -> Henry James -> James Ray -> Ray Scott -> Scott English
-1.1 Al Henry -> Henry James -> James Ray -> Ray Scott -> Scott Sims
-1.1 Al Henry -> Henry James -> James Thomas -> Thomas Jordan -> Jordan Mickey
-1.1 Bill Henry -> Henry James -> James Ray -> Ray Scott -> Scott Sims
-1.1 Bill Henry -> Henry James -> James Thomas -> Thomas Jordan -> Jordan Mickey
-1.1 Carl Henry -> Henry James -> James Ray -> Ray Scott -> Scott Sims
-1.1 Carl Henry -> Henry James -> James Thomas -> Thomas Jordan -> Jordan Mickey
-1.1 Conner Henry -> Henry James -> James Thomas -> Thomas Jordan -> Jordan Hill
-1.1 Conner Henry -> Henry James -> James Thomas -> Thomas Jordan -> Jordan Loyd
-1.1 Conner Henry -> Henry James -> James Thomas -> Thomas Jordan -> Jordan McRae
-1.1 Conner Henry -> Henry James -> James Thomas -> Thomas Jordan -> Jordan Sibert
-1.1 Conner Henry -> Henry James -> James Thomas -> Thomas Jordan -> Jordan Williams
-1.1 Henry James -> James Thomas -> Thomas Jordan -> Jordan Mickey -> Mickey Rottner
-1.1 Howie Carl -> Carl Henry -> Henry James -> James Ray -> Ray Spalding
-1.1 Howie Carl -> Carl Henry -> Henry James -> James Scott -> Scott Roth
-1.1 Skeeter Henry -> Henry James -> James Ray -> Ray Scott -> Scott Sims
-1.1 Skeeter Henry -> Henry James -> James Thomas -> Thomas Jordan -> Jordan Mickey
-1.1 Al Henry -> Henry James -> James Scott -> Scott Lloyd -> Lloyd Neal
-1.1 Bill Henry -> Henry James -> James Scott -> Scott Lloyd -> Lloyd Neal
-1.1 Carl Henry -> Henry James -> James Scott -> Scott Lloyd -> Lloyd Neal
-1.1 Skeeter Henry -> Henry James -> James Scott -> Scott Lloyd -> Lloyd Neal
-1.1 Ty Jerome -> Jerome James -> James Ray -> Ray Scott -> Scott Padgett
-1.1 Al Henry -> Henry James -> James Ray -> Ray Scott -> Scott English
-1.1 Bill Henry -> Henry James -> James Ray -> Ray Scott -> Scott English
-1.1 Carl Henry -> Henry James -> James Ray -> Ray Scott -> Scott English
-1.1 Skeeter Henry -> Henry James -> James Ray -> Ray Scott -> Scott English
-2.1 Conner Henry -> Henry James -> James Thomas -> Thomas Jordan -> Jordan Bone
-2.1 Jimmy Conner -> Conner Henry -> Henry James -> James Ray -> Ray Corley
-2.1 Jimmy Conner -> Conner Henry -> Henry James -> James Ray -> Ray Ellefson
-2.1 Jimmy Conner -> Conner Henry -> Henry James -> James Ray -> Ray Epps
-2.1 Jimmy Conner -> Conner Henry -> Henry James -> James Ray -> Ray Felix
-2.1 Jimmy Conner -> Conner Henry -> Henry James -> James Ray -> Ray Kuka
-2.1 Jimmy Conner -> Conner Henry -> Henry James -> James Ray -> Ray Lumpp
-2.1 Jimmy Conner -> Conner Henry -> Henry James -> James Ray -> Ray Radziszewski
-2.1 Jimmy Conner -> Conner Henry -> Henry James -> James Ray -> Ray Ragelis
-2.1 Jimmy Conner -> Conner Henry -> Henry James -> James Ray -> Ray Ramsey
-2.1 Jimmy Conner -> Conner Henry -> Henry James -> James Ray -> Ray Scott
-2.1 Jimmy Conner -> Conner Henry -> Henry James -> James Ray -> Ray Wertis
-2.1 Jimmy Conner -> Conner Henry -> Henry James -> James Scott -> Scott Haffner
-2.1 Jimmy Conner -> Conner Henry -> Henry James -> James Thomas -> Thomas Hamilton
-2.1 Xavier Henry -> Henry James -> James Thomas -> Thomas Jordan -> Jordan Crawford
-2.1 Howie Carl -> Carl Henry -> Henry James -> James Ray -> Ray Blume
-2.1 Conner Henry -> Henry James -> James Ray -> Ray Scott -> Scott Haskin
-2.1 Conner Henry -> Henry James -> James Ray -> Ray Scott -> Scott Machado
-2.1 Conner Henry -> Henry James -> James Ray -> Ray Scott -> Scott Meents
-2.1 Jimmy Conner -> Conner Henry -> Henry James -> James Ray -> Ray Spalding
-2.1 Jimmy Conner -> Conner Henry -> Henry James -> James Scott -> Scott Roth
-2.1 Xavier Henry -> Henry James -> James Thomas -> Thomas Jordan -> Jordan Bell
-2.1 Conner Henry -> Henry James -> James Thomas -> Thomas Jordan -> Jordan Mickey
-2.1 Henry James -> James Thomas -> Thomas Jordan -> Jordan Mickey -> Mickey Dillard
-2.1 Howie Carl -> Carl Henry -> Henry James -> James Ray -> Ray McCallum
-2.1 Howie Carl -> Carl Henry -> Henry James -> James Ray -> Ray Owes
-2.1 John Thomas -> Thomas Jordan -> Jordan Mickey -> Mickey Dillard -> Dillard Crocker
-2.1 Myke Henry -> Henry James -> James Ray -> Ray Scott -> Scott Haffner
-2.1 Conner Henry -> Henry James -> James Ray -> Ray Scott -> Scott Sims
-2.1 Conner Henry -> Henry James -> James Scott -> Scott Lloyd -> Lloyd Neal
-2.1 Al Henry -> Henry James -> James Ray -> Ray Scott -> Scott Haffner
-2.1 Bill Henry -> Henry James -> James Ray -> Ray Scott -> Scott Haffner
-2.1 Carl Henry -> Henry James -> James Ray -> Ray Scott -> Scott Haffner
-2.1 Jimmy Conner -> Conner Henry -> Henry James -> James Ray -> Ray Blume
-2.1 Myke Henry -> Henry James -> James Ray -> Ray Scott -> Scott Roth
-2.1 Skeeter Henry -> Henry James -> James Ray -> Ray Scott -> Scott Haffner
-2.1 Conner Henry -> Henry James -> James Ray -> Ray Scott -> Scott English
-2.1 Xavier Henry -> Henry James -> James Thomas -> Thomas Jordan -> Jordan Hamilton
-2.1 Henry James -> James Ray -> Ray Scott -> Scott Lloyd -> Lloyd Neal
-2.1 Al Henry -> Henry James -> James Ray -> Ray Scott -> Scott Roth
-2.1 Bill Henry -> Henry James -> James Ray -> Ray Scott -> Scott Roth
-2.1 Carl Henry -> Henry James -> James Ray -> Ray Scott -> Scott Roth
-2.1 Jimmy Conner -> Conner Henry -> Henry James -> James Ray -> Ray McCallum
-2.1 Jimmy Conner -> Conner Henry -> Henry James -> James Ray -> Ray Owes
-2.1 Skeeter Henry -> Henry James -> James Ray -> Ray Scott -> Scott Roth
-2.1 Howie Carl -> Carl Henry -> Henry James -> James Ray -> Ray Tolbert
-2.1 Howie Carl -> Carl Henry -> Henry James -> James Scott -> Scott Hastings
-2.1 Conner Henry -> Henry James -> James Ray -> Ray Scott -> Scott Haffner
-2.1 Conner Henry -> Henry James -> James Ray -> Ray Scott -> Scott Roth
-2.1 Jimmy Conner -> Conner Henry -> Henry James -> James Ray -> Ray Tolbert
-2.1 Jimmy Conner -> Conner Henry -> Henry James -> James Scott -> Scott Hastings
-2.1 Ty Jerome -> Jerome James -> James Thomas -> Thomas Jordan -> Jordan Crawford
-2.1 Ty Jerome -> Jerome James -> James Thomas -> Thomas Jordan -> Jordan Bell
-2.1 Myke Henry -> Henry James -> James Ray -> Ray Scott -> Scott Hastings
-2.1 Jerome James -> James Thomas -> Thomas Jordan -> Jordan Mickey -> Mickey Davis
-3.1 Al Henry -> Henry James -> James Ray -> Ray Scott -> Scott Hastings
-3.1 Bill Henry -> Henry James -> James Ray -> Ray Scott -> Scott Hastings
-3.1 Carl Henry -> Henry James -> James Ray -> Ray Scott -> Scott Hastings
-3.1 Howie Carl -> Carl Henry -> Henry James -> James Thomas -> Thomas Robinson
-3.1 Myke Henry -> Henry James -> James Thomas -> Thomas Jordan -> Jordan Poole
-3.1 Skeeter Henry -> Henry James -> James Ray -> Ray Scott -> Scott Hastings
-3.1 Ty Jerome -> Jerome James -> James Thomas -> Thomas Jordan -> Jordan Hamilton
-3.1 Xavier Henry -> Henry James -> James Thomas -> Thomas Jordan -> Jordan McLaughlin
-3.1 Al Henry -> Henry James -> James Thomas -> Thomas Jordan -> Jordan Poole
-3.1 Bill Henry -> Henry James -> James Thomas -> Thomas Jordan -> Jordan Poole
-3.1 Carl Henry -> Henry James -> James Thomas -> Thomas Jordan -> Jordan Poole
-3.1 Skeeter Henry -> Henry James -> James Thomas -> Thomas Jordan -> Jordan Poole
-3.1 Xavier Henry -> Henry James -> James Thomas -> Thomas Jordan -> Jordan Adams
-3.1 Howie Carl -> Carl Henry -> Henry James -> James Scott -> Scott Williams
-3.1 Jimmy Conner -> Conner Henry -> Henry James -> James Thomas -> Thomas Robinson
-3.1 Conner Henry -> Henry James -> James Ray -> Ray Scott -> Scott Hastings
-3.1 Justin James -> James Ray -> Ray Scott -> Scott Lloyd -> Lloyd Walton
-3.1 Xavier Henry -> Henry James -> James Thomas -> Thomas Jordan -> Jordan Hill
-3.1 Xavier Henry -> Henry James -> James Thomas -> Thomas Jordan -> Jordan Loyd
-3.1 Xavier Henry -> Henry James -> James Thomas -> Thomas Jordan -> Jordan McRae
-3.1 Xavier Henry -> Henry James -> James Thomas -> Thomas Jordan -> Jordan Sibert
-3.1 Xavier Henry -> Henry James -> James Thomas -> Thomas Jordan -> Jordan Williams
-3.1 Bernard James -> James Ray -> Ray Scott -> Scott Lloyd -> Lloyd Walton
-3.1 Billy James -> James Ray -> Ray Scott -> Scott Lloyd -> Lloyd Walton
-3.1 Conner Henry -> Henry James -> James Thomas -> Thomas Jordan -> Jordan Poole
-3.1 Gene James -> James Ray -> Ray Scott -> Scott Lloyd -> Lloyd Walton
-3.1 Jimmy Conner -> Conner Henry -> Henry James -> James Scott -> Scott Williams
-3.1 Xavier Henry -> Henry James -> James Thomas -> Thomas Jordan -> Jordan Bone
-3.1 Myke Henry -> Henry James -> James Thomas -> Thomas Bryant -> Bryant Reeves
-3.1 Justin James -> James Ray -> Ray Scott -> Scott Lloyd -> Lloyd Daniels
-3.1 Xavier Henry -> Henry James -> James Ray -> Ray Scott -> Scott Haskin
-3.1 Xavier Henry -> Henry James -> James Ray -> Ray Scott -> Scott Machado
-3.1 Xavier Henry -> Henry James -> James Ray -> Ray Scott -> Scott Meents
-3.1 Al Henry -> Henry James -> James Thomas -> Thomas Bryant -> Bryant Reeves
-3.1 Bill Henry -> Henry James -> James Thomas -> Thomas Bryant -> Bryant Reeves
-3.1 Carl Henry -> Henry James -> James Thomas -> Thomas Bryant -> Bryant Reeves
-3.1 Myke Henry -> Henry James -> James Ray -> Ray Scott -> Scott Williams
-3.1 Skeeter Henry -> Henry James -> James Thomas -> Thomas Bryant -> Bryant Reeves
-3.1 Bernard James -> James Ray -> Ray Scott -> Scott Lloyd -> Lloyd Daniels
-3.1 Billy James -> James Ray -> Ray Scott -> Scott Lloyd -> Lloyd Daniels
-3.1 Gene James -> James Ray -> Ray Scott -> Scott Lloyd -> Lloyd Daniels
-3.1 Xavier Henry -> Henry James -> James Ray -> Ray Scott -> Scott Sims
-3.1 Xavier Henry -> Henry James -> James Thomas -> Thomas Jordan -> Jordan Mickey
-3.1 Xavier Henry -> Henry James -> James Scott -> Scott Lloyd -> Lloyd Neal
-3.1 Al Henry -> Henry James -> James Ray -> Ray Scott -> Scott Williams
-3.1 Bill Henry -> Henry James -> James Ray -> Ray Scott -> Scott Williams
-3.1 Carl Henry -> Henry James -> James Ray -> Ray Scott -> Scott Williams
-3.1 Damion James -> James Ray -> Ray Scott -> Scott Lloyd -> Lloyd Walton
-3.1 Skeeter Henry -> Henry James -> James Ray -> Ray Scott -> Scott Williams
-3.1 Tim James -> James Ray -> Ray Scott -> Scott Lloyd -> Lloyd Walton
-3.1 Ty Jerome -> Jerome James -> James Thomas -> Thomas Jordan -> Jordan McLaughlin
-3.1 Xavier Henry -> Henry James -> James Ray -> Ray Scott -> Scott English
-3.1 Howie Carl -> Carl Henry -> Henry James -> James Bailey -> Bailey Howell
-3.1 Ty Jerome -> Jerome James -> James Thomas -> Thomas Jordan -> Jordan Adams
-3.1 Conner Henry -> Henry James -> James Thomas -> Thomas Bryant -> Bryant Reeves
-3.1 Damion James -> James Ray -> Ray Scott -> Scott Lloyd -> Lloyd Daniels
-3.1 Justin James -> James Ray -> Ray Scott -> Scott Lloyd -> Lloyd Batts
-3.1 Tim James -> James Ray -> Ray Scott -> Scott Lloyd -> Lloyd Daniels
-3.1 Jerome James -> James Thomas -> Thomas Jordan -> Jordan Loyd -> Loyd King
-3.1 Aaron James -> James Ray -> Ray Scott -> Scott Lloyd -> Lloyd Walton
-3.1 Myke Henry -> Henry James -> James Scott -> Scott Lloyd -> Lloyd Walton
-4.1 Bernard James -> James Ray -> Ray Scott -> Scott Lloyd -> Lloyd Batts
-4.1 Billy James -> James Ray -> Ray Scott -> Scott Lloyd -> Lloyd Batts
-4.1 Conner Henry -> Henry James -> James Ray -> Ray Scott -> Scott Williams
-4.1 Gene James -> James Ray -> Ray Scott -> Scott Lloyd -> Lloyd Batts
-4.1 Jimmy Conner -> Conner Henry -> Henry James -> James Bailey -> Bailey Howell
-4.1 Ty Jerome -> Jerome James -> James Thomas -> Thomas Jordan -> Jordan Hill
-4.1 Ty Jerome -> Jerome James -> James Thomas -> Thomas Jordan -> Jordan Loyd
-4.1 Ty Jerome -> Jerome James -> James Thomas -> Thomas Jordan -> Jordan McRae
-4.1 Ty Jerome -> Jerome James -> James Thomas -> Thomas Jordan -> Jordan Sibert
-4.1 Ty Jerome -> Jerome James -> James Thomas -> Thomas Jordan -> Jordan Williams
-4.1 Xavier Henry -> Henry James -> James Ray -> Ray Scott -> Scott Haffner
-4.1 Ty Jerome -> Jerome James -> James Thomas -> Thomas Jordan -> Jordan Bone
-4.1 Xavier Henry -> Henry James -> James Ray -> Ray Scott -> Scott Roth
-4.1 Al Henry -> Henry James -> James Scott -> Scott Lloyd -> Lloyd Walton
-4.1 Bill Henry -> Henry James -> James Scott -> Scott Lloyd -> Lloyd Walton
-4.1 Carl Henry -> Henry James -> James Scott -> Scott Lloyd -> Lloyd Walton
-4.1 Skeeter Henry -> Henry James -> James Scott -> Scott Lloyd -> Lloyd Walton
-4.1 Aaron James -> James Ray -> Ray Scott -> Scott Lloyd -> Lloyd Daniels
-4.1 Myke Henry -> Henry James -> James Scott -> Scott Lloyd -> Lloyd Daniels
-4.1 Jerome James -> James Thomas -> Thomas Jordan -> Jordan Mickey -> Mickey Rottner
-4.1 Ty Jerome -> Jerome James -> James Ray -> Ray Scott -> Scott Haskin
-4.1 Ty Jerome -> Jerome James -> James Ray -> Ray Scott -> Scott Machado
-4.1 Ty Jerome -> Jerome James -> James Ray -> Ray Scott -> Scott Meents
-4.1 Al Henry -> Henry James -> James Scott -> Scott Lloyd -> Lloyd Daniels
-4.1 Bill Henry -> Henry James -> James Scott -> Scott Lloyd -> Lloyd Daniels
-4.1 Carl Henry -> Henry James -> James Scott -> Scott Lloyd -> Lloyd Daniels
-4.1 Damion James -> James Ray -> Ray Scott -> Scott Lloyd -> Lloyd Batts
-4.1 Skeeter Henry -> Henry James -> James Scott -> Scott Lloyd -> Lloyd Daniels
-4.1 Tim James -> James Ray -> Ray Scott -> Scott Lloyd -> Lloyd Batts
-4.1 Ty Jerome -> Jerome James -> James Ray -> Ray Scott -> Scott Sims
-4.1 Ty Jerome -> Jerome James -> James Scott -> Scott Lloyd -> Lloyd Neal
-4.1 Ty Jerome -> Jerome James -> James Thomas -> Thomas Jordan -> Jordan Mickey
-4.1 Conner Henry -> Henry James -> James Scott -> Scott Lloyd -> Lloyd Walton
-4.1 Ty Jerome -> Jerome James -> James Ray -> Ray Scott -> Scott English
-4.1 Jerome James -> James Thomas -> Thomas Jordan -> Jordan Mickey -> Mickey Dillard
-4.1 Aaron James -> James Ray -> Ray Scott -> Scott Lloyd -> Lloyd Batts
-4.1 Conner Henry -> Henry James -> James Scott -> Scott Lloyd -> Lloyd Daniels
-4.1 Henry James -> James Ray -> Ray Scott -> Scott Lloyd -> Lloyd Walton
-4.1 Myke Henry -> Henry James -> James Scott -> Scott Lloyd -> Lloyd Batts
-4.1 Al Henry -> Henry James -> James Scott -> Scott Lloyd -> Lloyd Batts
-4.1 Bill Henry -> Henry James -> James Scott -> Scott Lloyd -> Lloyd Batts
-4.1 Carl Henry -> Henry James -> James Scott -> Scott Lloyd -> Lloyd Batts
-4.1 Howie Carl -> Carl Henry -> Henry James -> James Scott -> Scott Lloyd
-4.1 Jerome James -> James Ray -> Ray Scott -> Scott Lloyd -> Lloyd Neal
-4.1 Skeeter Henry -> Henry James -> James Scott -> Scott Lloyd -> Lloyd Batts
-4.1 Ty Jerome -> Jerome James -> James Ray -> Ray Scott -> Scott Haffner
-4.1 Xavier Henry -> Henry James -> James Ray -> Ray Scott -> Scott Hastings
-4.1 Henry James -> James Ray -> Ray Scott -> Scott Lloyd -> Lloyd Daniels
-4.1 Lance Thomas -> Thomas Jordan -> Jordan Mickey -> Mickey Dillard -> Dillard Crocker
-4.1 Ty Jerome -> Jerome James -> James Ray -> Ray Scott -> Scott Roth
-4.1 Xavier Henry -> Henry James -> James Thomas -> Thomas Jordan -> Jordan Poole
-4.1 Jimmy Conner -> Conner Henry -> Henry James -> James Scott -> Scott Lloyd
-5.1 Conner Henry -> Henry James -> James Scott -> Scott Lloyd -> Lloyd Batts
-5.1 Myke Henry -> Henry James -> James Ray -> Ray Scott -> Scott Lloyd
-5.1 Al Henry -> Henry James -> James Ray -> Ray Scott -> Scott Lloyd
-5.1 Bill Henry -> Henry James -> James Ray -> Ray Scott -> Scott Lloyd
-5.1 Carl Henry -> Henry James -> James Ray -> Ray Scott -> Scott Lloyd
-5.1 Henry James -> James Ray -> Ray Scott -> Scott Lloyd -> Lloyd Batts
-5.1 Skeeter Henry -> Henry James -> James Ray -> Ray Scott -> Scott Lloyd
-5.1 Xavier Henry -> Henry James -> James Thomas -> Thomas Bryant -> Bryant Reeves
-5.1 Ty Jerome -> Jerome James -> James Ray -> Ray Scott -> Scott Hastings
-5.1 Xavier Henry -> Henry James -> James Ray -> Ray Scott -> Scott Williams
-5.1 Conner Henry -> Henry James -> James Ray -> Ray Scott -> Scott Lloyd
-5.1 Ty Jerome -> Jerome James -> James Thomas -> Thomas Jordan -> Jordan Poole
-5.1 Xavier Henry -> Henry James -> James Scott -> Scott Lloyd -> Lloyd Walton
-6.1 Ty Jerome -> Jerome James -> James Thomas -> Thomas Bryant -> Bryant Reeves
-6.1 Xavier Henry -> Henry James -> James Scott -> Scott Lloyd -> Lloyd Daniels
-6.1 Ty Jerome -> Jerome James -> James Ray -> Ray Scott -> Scott Williams
-6.1 Xavier Henry -> Henry James -> James Scott -> Scott Lloyd -> Lloyd Batts
-6.1 Ty Jerome -> Jerome James -> James Scott -> Scott Lloyd -> Lloyd Walton
-6.1 Ty Jerome -> Jerome James -> James Scott -> Scott Lloyd -> Lloyd Daniels
-6.1 Jerome James -> James Ray -> Ray Scott -> Scott Lloyd -> Lloyd Walton
-6.1 Xavier Henry -> Henry James -> James Ray -> Ray Scott -> Scott Lloyd
-7.1 Jerome James -> James Ray -> Ray Scott -> Scott Lloyd -> Lloyd Daniels
-7.1 Ty Jerome -> Jerome James -> James Scott -> Scott Lloyd -> Lloyd Batts
-7.1 Jerome James -> James Ray -> Ray Scott -> Scott Lloyd -> Lloyd Batts
-7.1 Ty Jerome -> Jerome James -> James Ray -> Ray Scott -> Scott Lloyd
